USE [QLKS]
GO
/****** Object:  StoredProcedure [dbo].[SP_AuthoLogin]    Script Date: 23/07/2022 10:51:08 CH ******/
SET ANSI_NULLS ON
GO
SET QUOTED_IDENTIFIER ON
GO
CREATE PROC [dbo].[SP_AuthoLogin]
@Username nvarchar(20),
@Password nvarchar(20)
as
begin
    if exists (select * from THANHVIEN where TENDANGNHAP = @Username and MatKhau = @Password and PHANQUYEN = N'CHỦ KHÁCH SẠN')
        select 0 as code
    else if exists (select * from Thanhvien where TENDANGNHAP = @Username and MatKhau = @Password and PHANQUYEN = N'QUẢN LÝ')
        select 1 as code
	else if exists (select * from Thanhvien where TENDANGNHAP = @Username and MatKhau = @Password and PHANQUYEN = N'NHÂN VIÊN')
        select 2 as code
    else if exists(select * from Thanhvien where TENDANGNHAP = @Username and MatKhau != @Password) 
        select 3 as code
    else select 4 as code
end

GO
/****** Object:  StoredProcedure [dbo].[SP_DoiMatKhau]    Script Date: 23/07/2022 10:51:08 CH ******/
SET ANSI_NULLS ON
GO
SET QUOTED_IDENTIFIER ON
GO
CREATE PROC [dbo].[SP_DoiMatKhau]
@User nvarchar(50),
@OldPass nvarchar(50),
@NewPass nvarchar(50)
as
begin
    if exists (select * from THANHVIEN where TENDANGNHAP = @User and MATKHAU = @OldPass)
    begin
        update THANHVIEN set MatKhau = @NewPass where TENDANGNHAP = @User
        select 1 as code, N'Thay doi mat khau thanh cong !!' as MSG
    end
    else
        select 0 as code, N'Tai khoan hoac mat khau sai !!' as MSG
end

GO
/****** Object:  Table [dbo].[CTHOADON]    Script Date: 23/07/2022 10:51:08 CH ******/
SET ANSI_NULLS ON
GO
SET QUOTED_IDENTIFIER ON
GO
SET ANSI_PADDING ON
GO
CREATE TABLE [dbo].[CTHOADON](
	[MAHD] [varchar](4) NULL,
	[MADV] [varchar](4) NULL,
	[SOLUONG] [int] NULL
) ON [PRIMARY]

GO
SET ANSI_PADDING OFF
GO
/****** Object:  Table [dbo].[DATPHONG]    Script Date: 23/07/2022 10:51:08 CH ******/
SET ANSI_NULLS ON
GO
SET QUOTED_IDENTIFIER ON
GO
SET ANSI_PADDING ON
GO
CREATE TABLE [dbo].[DATPHONG](
	[MADP] [int] IDENTITY(1,1) NOT NULL,
	[MAPHONG] [varchar](4) NULL,
	[MAKH] [int] NULL,
	[NGAYDATPHONG] [date] NULL,
	[NGAYTRAPHONG] [date] NULL,
	[GIODATPHONG] [time](0) NULL,
	[GIOTRAPHONG] [time](0) NULL,
 CONSTRAINT [PK_DATPHONG] PRIMARY KEY CLUSTERED 
(
	[MADP] ASC
)WITH (PAD_INDEX = OFF, STATISTICS_NORECOMPUTE = OFF, IGNORE_DUP_KEY = OFF, ALLOW_ROW_LOCKS = ON, ALLOW_PAGE_LOCKS = ON) ON [PRIMARY]
) ON [PRIMARY]

GO
SET ANSI_PADDING OFF
GO
/****** Object:  Table [dbo].[DICHVU]    Script Date: 23/07/2022 10:51:08 CH ******/
SET ANSI_NULLS ON
GO
SET QUOTED_IDENTIFIER ON
GO
SET ANSI_PADDING ON
GO
CREATE TABLE [dbo].[DICHVU](
	[MADV] [varchar](4) NOT NULL,
	[TENDV] [nvarchar](50) NULL,
	[LOAIDV] [nvarchar](30) NULL,
	[DONGIA] [int] NULL,
 CONSTRAINT [PK_DICHVU] PRIMARY KEY CLUSTERED 
(
	[MADV] ASC
)WITH (PAD_INDEX = OFF, STATISTICS_NORECOMPUTE = OFF, IGNORE_DUP_KEY = OFF, ALLOW_ROW_LOCKS = ON, ALLOW_PAGE_LOCKS = ON) ON [PRIMARY]
) ON [PRIMARY]

GO
SET ANSI_PADDING OFF
GO
/****** Object:  Table [dbo].[HOADON]    Script Date: 23/07/2022 10:51:08 CH ******/
SET ANSI_NULLS ON
GO
SET QUOTED_IDENTIFIER ON
GO
SET ANSI_PADDING ON
GO
CREATE TABLE [dbo].[HOADON](
	[MAHD] [varchar](4) NOT NULL,
	[MAKH] [int] NULL,
 CONSTRAINT [PK_HOADON] PRIMARY KEY CLUSTERED 
(
	[MAHD] ASC
)WITH (PAD_INDEX = OFF, STATISTICS_NORECOMPUTE = OFF, IGNORE_DUP_KEY = OFF, ALLOW_ROW_LOCKS = ON, ALLOW_PAGE_LOCKS = ON) ON [PRIMARY]
) ON [PRIMARY]

GO
SET ANSI_PADDING OFF
GO
/****** Object:  Table [dbo].[KHACHHANG]    Script Date: 23/07/2022 10:51:08 CH ******/
SET ANSI_NULLS ON
GO
SET QUOTED_IDENTIFIER ON
GO
SET ANSI_PADDING ON
GO
CREATE TABLE [dbo].[KHACHHANG](
	[MAKH] [int] IDENTITY(1,1) NOT NULL,
	[TENKH] [nvarchar](50) NULL,
	[GIOITINH] [bit] NULL,
	[CCCD] [varchar](20) NULL,
	[NGAYSINH] [date] NULL,
 CONSTRAINT [PK_KHACHHANG] PRIMARY KEY CLUSTERED 
(
	[MAKH] ASC
)WITH (PAD_INDEX = OFF, STATISTICS_NORECOMPUTE = OFF, IGNORE_DUP_KEY = OFF, ALLOW_ROW_LOCKS = ON, ALLOW_PAGE_LOCKS = ON) ON [PRIMARY]
) ON [PRIMARY]

GO
SET ANSI_PADDING OFF
GO
/****** Object:  Table [dbo].[KHACHSAN]    Script Date: 23/07/2022 10:51:08 CH ******/
SET ANSI_NULLS ON
GO
SET QUOTED_IDENTIFIER ON
GO
SET ANSI_PADDING ON
GO
CREATE TABLE [dbo].[KHACHSAN](
	[MAKS] [varchar](4) NOT NULL,
	[TENKS] [nvarchar](50) NULL,
	[DIACHI] [nvarchar](100) NULL,
	[SOPHONG] [int] NULL,
	[MAKV] [varchar](4) NULL,
 CONSTRAINT [PK_KHACHSAN] PRIMARY KEY CLUSTERED 
(
	[MAKS] ASC
)WITH (PAD_INDEX = OFF, STATISTICS_NORECOMPUTE = OFF, IGNORE_DUP_KEY = OFF, ALLOW_ROW_LOCKS = ON, ALLOW_PAGE_LOCKS = ON) ON [PRIMARY]
) ON [PRIMARY]

GO
SET ANSI_PADDING OFF
GO
/****** Object:  Table [dbo].[KHUVUC]    Script Date: 23/07/2022 10:51:08 CH ******/
SET ANSI_NULLS ON
GO
SET QUOTED_IDENTIFIER ON
GO
SET ANSI_PADDING ON
GO
CREATE TABLE [dbo].[KHUVUC](
	[MAKV] [varchar](4) NOT NULL,
	[TENKV] [nvarchar](50) NULL,
 CONSTRAINT [PK_KHUVUC_1] PRIMARY KEY CLUSTERED 
(
	[MAKV] ASC
)WITH (PAD_INDEX = OFF, STATISTICS_NORECOMPUTE = OFF, IGNORE_DUP_KEY = OFF, ALLOW_ROW_LOCKS = ON, ALLOW_PAGE_LOCKS = ON) ON [PRIMARY]
) ON [PRIMARY]

GO
SET ANSI_PADDING OFF
GO
/****** Object:  Table [dbo].[NHANVIEN]    Script Date: 23/07/2022 10:51:08 CH ******/
SET ANSI_NULLS ON
GO
SET QUOTED_IDENTIFIER ON
GO
SET ANSI_PADDING ON
GO
CREATE TABLE [dbo].[NHANVIEN](
	[MANV] [varchar](4) NOT NULL,
	[TENNV] [nvarchar](50) NULL,
	[SDT] [nchar](10) NULL,
	[EMAIL] [nvarchar](50) NULL,
	[NGAYSINH] [date] NULL,
	[DIACHI] [nvarchar](50) NULL,
	[MAKS] [varchar](4) NULL,
 CONSTRAINT [PK_NHANVIEN] PRIMARY KEY CLUSTERED 
(
	[MANV] ASC
)WITH (PAD_INDEX = OFF, STATISTICS_NORECOMPUTE = OFF, IGNORE_DUP_KEY = OFF, ALLOW_ROW_LOCKS = ON, ALLOW_PAGE_LOCKS = ON) ON [PRIMARY]
) ON [PRIMARY]

GO
SET ANSI_PADDING OFF
GO
/****** Object:  Table [dbo].[PHONG]    Script Date: 23/07/2022 10:51:08 CH ******/
SET ANSI_NULLS ON
GO
SET QUOTED_IDENTIFIER ON
GO
SET ANSI_PADDING ON
GO
CREATE TABLE [dbo].[PHONG](
	[MAPHONG] [varchar](4) NOT NULL,
	[LOAIPHONG] [varchar](10) NULL,
	[DONGIA] [int] NULL,
	[TRANGTHAI] [nvarchar](20) NULL,
	[MAKS] [varchar](4) NULL,
 CONSTRAINT [PK_PHONG] PRIMARY KEY CLUSTERED 
(
	[MAPHONG] ASC
)WITH (PAD_INDEX = OFF, STATISTICS_NORECOMPUTE = OFF, IGNORE_DUP_KEY = OFF, ALLOW_ROW_LOCKS = ON, ALLOW_PAGE_LOCKS = ON) ON [PRIMARY]
) ON [PRIMARY]

GO
SET ANSI_PADDING OFF
GO
/****** Object:  Table [dbo].[THANHVIEN]    Script Date: 23/07/2022 10:51:08 CH ******/
SET ANSI_NULLS ON
GO
SET QUOTED_IDENTIFIER ON
GO
SET ANSI_PADDING ON
GO
CREATE TABLE [dbo].[THANHVIEN](
	[TENDANGNHAP] [nvarchar](50) NOT NULL,
	[MATKHAU] [nvarchar](50) NULL,
	[PHANQUYEN] [nvarchar](50) NULL,
	[MAKS] [varchar](4) NULL,
 CONSTRAINT [PK_USER] PRIMARY KEY CLUSTERED 
(
	[TENDANGNHAP] ASC
)WITH (PAD_INDEX = OFF, STATISTICS_NORECOMPUTE = OFF, IGNORE_DUP_KEY = OFF, ALLOW_ROW_LOCKS = ON, ALLOW_PAGE_LOCKS = ON) ON [PRIMARY]
) ON [PRIMARY]

GO
SET ANSI_PADDING OFF
GO
INSERT [dbo].[CTHOADON] ([MAHD], [MADV], [SOLUONG]) VALUES (N'HD01', N'DV07', 3)
GO
INSERT [dbo].[CTHOADON] ([MAHD], [MADV], [SOLUONG]) VALUES (N'HD05', N'DV02', 4)
GO
INSERT [dbo].[CTHOADON] ([MAHD], [MADV], [SOLUONG]) VALUES (N'HD06', N'DV09', 5)
GO
INSERT [dbo].[CTHOADON] ([MAHD], [MADV], [SOLUONG]) VALUES (N'HD08', N'DV08', 4)
GO
INSERT [dbo].[CTHOADON] ([MAHD], [MADV], [SOLUONG]) VALUES (N'HD10', N'DV10', 2)
GO
INSERT [dbo].[CTHOADON] ([MAHD], [MADV], [SOLUONG]) VALUES (N'HD01', N'DV06', 2)
GO
SET IDENTITY_INSERT [dbo].[DATPHONG] ON 

GO
INSERT [dbo].[DATPHONG] ([MADP], [MAPHONG], [MAKH], [NGAYDATPHONG], [NGAYTRAPHONG], [GIODATPHONG], [GIOTRAPHONG]) VALUES (1, N'P05', 2, CAST(N'2022-02-13' AS Date), CAST(N'2022-02-14' AS Date), CAST(N'05:00:00' AS Time), CAST(N'05:00:00' AS Time))
GO
INSERT [dbo].[DATPHONG] ([MADP], [MAPHONG], [MAKH], [NGAYDATPHONG], [NGAYTRAPHONG], [GIODATPHONG], [GIOTRAPHONG]) VALUES (2, N'P03', 4, CAST(N'2022-01-12' AS Date), CAST(N'2022-01-14' AS Date), CAST(N'04:30:00' AS Time), CAST(N'04:30:00' AS Time))
GO
INSERT [dbo].[DATPHONG] ([MADP], [MAPHONG], [MAKH], [NGAYDATPHONG], [NGAYTRAPHONG], [GIODATPHONG], [GIOTRAPHONG]) VALUES (3, N'P06', 7, CAST(N'2021-09-05' AS Date), CAST(N'2021-09-07' AS Date), CAST(N'02:00:00' AS Time), CAST(N'02:00:00' AS Time))
GO
INSERT [dbo].[DATPHONG] ([MADP], [MAPHONG], [MAKH], [NGAYDATPHONG], [NGAYTRAPHONG], [GIODATPHONG], [GIOTRAPHONG]) VALUES (4, N'P08', 1, CAST(N'2022-03-06' AS Date), CAST(N'2022-03-07' AS Date), CAST(N'01:30:00' AS Time), CAST(N'01:30:00' AS Time))
GO
INSERT [dbo].[DATPHONG] ([MADP], [MAPHONG], [MAKH], [NGAYDATPHONG], [NGAYTRAPHONG], [GIODATPHONG], [GIOTRAPHONG]) VALUES (5, N'P09', 8, CAST(N'2022-06-16' AS Date), CAST(N'2022-06-17' AS Date), CAST(N'06:00:00' AS Time), CAST(N'06:00:00' AS Time))
GO
SET IDENTITY_INSERT [dbo].[DATPHONG] OFF
GO
INSERT [dbo].[DICHVU] ([MADV], [TENDV], [LOAIDV], [DONGIA]) VALUES (N'DV01', N'COCA', N'NƯỚC UỐNG', 15000)
GO
INSERT [dbo].[DICHVU] ([MADV], [TENDV], [LOAIDV], [DONGIA]) VALUES (N'DV02', N'MỲ XÀO', N'ĐỒ ĂN', 20000)
GO
INSERT [dbo].[DICHVU] ([MADV], [TENDV], [LOAIDV], [DONGIA]) VALUES (N'DV03', N'PEPSI', N'NƯỚC UỐNG', 13000)
GO
INSERT [dbo].[DICHVU] ([MADV], [TENDV], [LOAIDV], [DONGIA]) VALUES (N'DV04', N'CƠM CHIÊN', N'ĐỒ ĂN', 25000)
GO
INSERT [dbo].[DICHVU] ([MADV], [TENDV], [LOAIDV], [DONGIA]) VALUES (N'DV05', N'PHỞ', N'ĐỒ ĂN', 30000)
GO
INSERT [dbo].[DICHVU] ([MADV], [TENDV], [LOAIDV], [DONGIA]) VALUES (N'DV06', N'HỦ TIẾU', N'ĐỒ ĂN', 25000)
GO
INSERT [dbo].[DICHVU] ([MADV], [TENDV], [LOAIDV], [DONGIA]) VALUES (N'DV07', N'C2', N'NƯỚC UỐNG', 10000)
GO
INSERT [dbo].[DICHVU] ([MADV], [TENDV], [LOAIDV], [DONGIA]) VALUES (N'DV08', N'STING', N'NƯỚC UỐNG', 12000)
GO
INSERT [dbo].[DICHVU] ([MADV], [TENDV], [LOAIDV], [DONGIA]) VALUES (N'DV09', N'CƠM TẤM', N'ĐỒ ĂN', 25000)
GO
INSERT [dbo].[DICHVU] ([MADV], [TENDV], [LOAIDV], [DONGIA]) VALUES (N'DV10', N'CAM ÉP', N'NƯỚC UỐNG', 15000)
GO
INSERT [dbo].[HOADON] ([MAHD], [MAKH]) VALUES (N'HD01', 2)
GO
INSERT [dbo].[HOADON] ([MAHD], [MAKH]) VALUES (N'HD02', 3)
GO
INSERT [dbo].[HOADON] ([MAHD], [MAKH]) VALUES (N'HD03', 5)
GO
INSERT [dbo].[HOADON] ([MAHD], [MAKH]) VALUES (N'HD04', 10)
GO
INSERT [dbo].[HOADON] ([MAHD], [MAKH]) VALUES (N'HD05', 7)
GO
INSERT [dbo].[HOADON] ([MAHD], [MAKH]) VALUES (N'HD06', 8)
GO
INSERT [dbo].[HOADON] ([MAHD], [MAKH]) VALUES (N'HD07', 6)
GO
INSERT [dbo].[HOADON] ([MAHD], [MAKH]) VALUES (N'HD08', 4)
GO
INSERT [dbo].[HOADON] ([MAHD], [MAKH]) VALUES (N'HD09', 3)
GO
INSERT [dbo].[HOADON] ([MAHD], [MAKH]) VALUES (N'HD10', 1)
GO
SET IDENTITY_INSERT [dbo].[KHACHHANG] ON 

GO
INSERT [dbo].[KHACHHANG] ([MAKH], [TENKH], [GIOITINH], [CCCD], [NGAYSINH]) VALUES (1, N'NGUYỄN ĐÌNH TOÀN', 1, N'0928346263', CAST(N'1995-09-28' AS Date))
GO
INSERT [dbo].[KHACHHANG] ([MAKH], [TENKH], [GIOITINH], [CCCD], [NGAYSINH]) VALUES (2, N'NHÂM MẠNH DŨNG', 1, N'9829387493', CAST(N'1993-02-04' AS Date))
GO
INSERT [dbo].[KHACHHANG] ([MAKH], [TENKH], [GIOITINH], [CCCD], [NGAYSINH]) VALUES (3, N'ĐỖ HÙNG DOANH', 1, N'9836632876', CAST(N'1990-02-03' AS Date))
GO
INSERT [dbo].[KHACHHANG] ([MAKH], [TENKH], [GIOITINH], [CCCD], [NGAYSINH]) VALUES (4, N'LÊ THỊ HOA', 0, N'0278364234', CAST(N'1992-12-14' AS Date))
GO
INSERT [dbo].[KHACHHANG] ([MAKH], [TENKH], [GIOITINH], [CCCD], [NGAYSINH]) VALUES (5, N'TRẦN THỊ THỦY', 0, N'0762537372', CAST(N'2000-09-05' AS Date))
GO
INSERT [dbo].[KHACHHANG] ([MAKH], [TENKH], [GIOITINH], [CCCD], [NGAYSINH]) VALUES (6, N'QUÁCH THÀNH TRUNG', 1, N'0827364872', CAST(N'1997-04-13' AS Date))
GO
INSERT [dbo].[KHACHHANG] ([MAKH], [TENKH], [GIOITINH], [CCCD], [NGAYSINH]) VALUES (7, N'NÔNG TIẾN ĐẠT', 1, N'0873648723', CAST(N'1999-08-07' AS Date))
GO
INSERT [dbo].[KHACHHANG] ([MAKH], [TENKH], [GIOITINH], [CCCD], [NGAYSINH]) VALUES (8, N'BÙI ANH TRƯỜNG', 1, N'0937496343', CAST(N'2001-03-11' AS Date))
GO
INSERT [dbo].[KHACHHANG] ([MAKH], [TENKH], [GIOITINH], [CCCD], [NGAYSINH]) VALUES (9, N'ĐỖ THỊ TUYẾT DUNG', 0, N'0387648733', CAST(N'1994-02-06' AS Date))
GO
INSERT [dbo].[KHACHHANG] ([MAKH], [TENKH], [GIOITINH], [CCCD], [NGAYSINH]) VALUES (10, N'ĐẶNG VIỆT MOI', 1, N'0782348234', CAST(N'2002-05-09' AS Date))
GO
INSERT [dbo].[KHACHHANG] ([MAKH], [TENKH], [GIOITINH], [CCCD], [NGAYSINH]) VALUES (13, N'Nguyen Văn A', 1, N'7273723324', CAST(N'2022-01-07' AS Date))
GO
SET IDENTITY_INSERT [dbo].[KHACHHANG] OFF
GO
INSERT [dbo].[KHACHSAN] ([MAKS], [TENKS], [DIACHI], [SOPHONG], [MAKV]) VALUES (N'KS01', N'HOÀNG MINH CHÂU', N'TÂN AN', 5, N'KV02')
GO
INSERT [dbo].[KHACHSAN] ([MAKS], [TENKS], [DIACHI], [SOPHONG], [MAKV]) VALUES (N'KS02', N'HƯNG PHƯỚC', N'PHÚ HÒA', 7, N'KV05')
GO
INSERT [dbo].[KHACHSAN] ([MAKS], [TENKS], [DIACHI], [SOPHONG], [MAKV]) VALUES (N'KS03', N'MỸ PHƯỚC HOTEL', N'CHÁNH NGHĨA', 11, N'KV04')
GO
INSERT [dbo].[KHACHSAN] ([MAKS], [TENKS], [DIACHI], [SOPHONG], [MAKV]) VALUES (N'KS04', N'HOÀNG HƯNG', N'HIỆP THÀNH', 9, N'KV01')
GO
INSERT [dbo].[KHACHSAN] ([MAKS], [TENKS], [DIACHI], [SOPHONG], [MAKV]) VALUES (N'KS05', N'MAY HOTEL', N'PHÚ CƯỜNG', 12, N'KV06')
GO
INSERT [dbo].[KHACHSAN] ([MAKS], [TENKS], [DIACHI], [SOPHONG], [MAKV]) VALUES (N'KS06', N'VIET MOI', N'PHÚ THỌ', 15, N'KV08')
GO
INSERT [dbo].[KHACHSAN] ([MAKS], [TENKS], [DIACHI], [SOPHONG], [MAKV]) VALUES (N'KS07', N'QUANGBALA HOTEL', N'HIỆP AN', 14, N'KV03')
GO
INSERT [dbo].[KHACHSAN] ([MAKS], [TENKS], [DIACHI], [SOPHONG], [MAKV]) VALUES (N'KS08', N'KHẢI ĐĂNG', N'CHÁNH MỸ', 13, N'KV09')
GO
INSERT [dbo].[KHACHSAN] ([MAKS], [TENKS], [DIACHI], [SOPHONG], [MAKV]) VALUES (N'KS09', N'TOÀN PHÁT HOTEL', N'HIỆP THÀNH', 17, N'KV07')
GO
INSERT [dbo].[KHACHSAN] ([MAKS], [TENKS], [DIACHI], [SOPHONG], [MAKV]) VALUES (N'KS10', N'HOÀNG YẾN HOTEL', N'PHÚ TÂN', 8, N'KV11')
GO
INSERT [dbo].[KHUVUC] ([MAKV], [TENKV]) VALUES (N'KV01', N'HIỆP THÀNH')
GO
INSERT [dbo].[KHUVUC] ([MAKV], [TENKV]) VALUES (N'KV02', N'PHÚ LỢI')
GO
INSERT [dbo].[KHUVUC] ([MAKV], [TENKV]) VALUES (N'KV03', N'PHÚ CƯỜNG')
GO
INSERT [dbo].[KHUVUC] ([MAKV], [TENKV]) VALUES (N'KV04', N'PHÚ HÒA')
GO
INSERT [dbo].[KHUVUC] ([MAKV], [TENKV]) VALUES (N'KV05', N'PHÚ THỌ')
GO
INSERT [dbo].[KHUVUC] ([MAKV], [TENKV]) VALUES (N'KV06', N'CHÁNH NGHĨA')
GO
INSERT [dbo].[KHUVUC] ([MAKV], [TENKV]) VALUES (N'KV07', N'ĐỊNH HÒA')
GO
INSERT [dbo].[KHUVUC] ([MAKV], [TENKV]) VALUES (N'KV08', N'HIỆP AN')
GO
INSERT [dbo].[KHUVUC] ([MAKV], [TENKV]) VALUES (N'KV09', N'PHÚ TÂN')
GO
INSERT [dbo].[KHUVUC] ([MAKV], [TENKV]) VALUES (N'KV10', N'HÒA PHÚ')
GO
INSERT [dbo].[KHUVUC] ([MAKV], [TENKV]) VALUES (N'KV11', N'TÂN AN')
GO
INSERT [dbo].[KHUVUC] ([MAKV], [TENKV]) VALUES (N'KV12', N'CHÁNH MỸ')
GO
INSERT [dbo].[NHANVIEN] ([MANV], [TENNV], [SDT], [EMAIL], [NGAYSINH], [DIACHI], [MAKS]) VALUES (N'NV01', N'Nguyễn Văn Thông', N'0246782683', N'thong@gmail.com', CAST(N'1999-02-13' AS Date), N'Phú Hòa', N'KS05')
GO
INSERT [dbo].[NHANVIEN] ([MANV], [TENNV], [SDT], [EMAIL], [NGAYSINH], [DIACHI], [MAKS]) VALUES (N'NV02', N'Lê Thị Đào', N'0263762353', N'dao@gmail.com', CAST(N'2000-02-04' AS Date), N'Thủ Dầu Một', N'KS01')
GO
INSERT [dbo].[NHANVIEN] ([MANV], [TENNV], [SDT], [EMAIL], [NGAYSINH], [DIACHI], [MAKS]) VALUES (N'NV03', N'Phạm Thành Trung', N'0976357631', N'trung@gmail.com', CAST(N'1995-03-05' AS Date), N'Tân An', N'KS04')
GO
INSERT [dbo].[NHANVIEN] ([MANV], [TENNV], [SDT], [EMAIL], [NGAYSINH], [DIACHI], [MAKS]) VALUES (N'NV04', N'Lê Đức Dương', N'0637657235', N'duong@gmail.com', CAST(N'2002-05-14' AS Date), N'Chánh Nghĩa', N'KS02')
GO
INSERT [dbo].[NHANVIEN] ([MANV], [TENNV], [SDT], [EMAIL], [NGAYSINH], [DIACHI], [MAKS]) VALUES (N'NV05', N'Nguyễn Công Hùng', N'0873676237', N'hung@gmail.com', CAST(N'2002-09-05' AS Date), N'Hiệp An', N'KS06')
GO
INSERT [dbo].[NHANVIEN] ([MANV], [TENNV], [SDT], [EMAIL], [NGAYSINH], [DIACHI], [MAKS]) VALUES (N'NV06', N'Đặng Việt Thành', N'0723765213', N'thanh@gmail.com', CAST(N'1998-04-10' AS Date), N'Phú Lợi', N'KS08')
GO
INSERT [dbo].[PHONG] ([MAPHONG], [LOAIPHONG], [DONGIA], [TRANGTHAI], [MAKS]) VALUES (N'P01', N'DON', 1000000, N'CHƯA ĐẶT', N'KS01')
GO
INSERT [dbo].[PHONG] ([MAPHONG], [LOAIPHONG], [DONGIA], [TRANGTHAI], [MAKS]) VALUES (N'P02', N'DOI', 3000000, N'CHƯA ĐẶT', N'KS04')
GO
INSERT [dbo].[PHONG] ([MAPHONG], [LOAIPHONG], [DONGIA], [TRANGTHAI], [MAKS]) VALUES (N'P03', N'DOI', 3500000, N'ĐÃ ĐẶT', N'KS03')
GO
INSERT [dbo].[PHONG] ([MAPHONG], [LOAIPHONG], [DONGIA], [TRANGTHAI], [MAKS]) VALUES (N'P04', N'DON', 1200000, N'CHƯA ĐẶT', N'KS06')
GO
INSERT [dbo].[PHONG] ([MAPHONG], [LOAIPHONG], [DONGIA], [TRANGTHAI], [MAKS]) VALUES (N'P05', N'DOI', 3000000, N'ĐÃ ĐẶT', N'KS05')
GO
INSERT [dbo].[PHONG] ([MAPHONG], [LOAIPHONG], [DONGIA], [TRANGTHAI], [MAKS]) VALUES (N'P06', N'DON', 800000, N'ĐÃ ĐẶT', N'KS08')
GO
INSERT [dbo].[PHONG] ([MAPHONG], [LOAIPHONG], [DONGIA], [TRANGTHAI], [MAKS]) VALUES (N'P07', N'DOI', 2000000, N'CHƯA ĐẶT', N'KS02')
GO
INSERT [dbo].[PHONG] ([MAPHONG], [LOAIPHONG], [DONGIA], [TRANGTHAI], [MAKS]) VALUES (N'P08', N'DON', 1000000, N'ĐÃ ĐẶT', N'KS09')
GO
INSERT [dbo].[PHONG] ([MAPHONG], [LOAIPHONG], [DONGIA], [TRANGTHAI], [MAKS]) VALUES (N'P09', N'DOI', 5000000, N'ĐÃ ĐẶT', N'KS10')
GO
INSERT [dbo].[PHONG] ([MAPHONG], [LOAIPHONG], [DONGIA], [TRANGTHAI], [MAKS]) VALUES (N'P10', N'DON', 1100000, N'CHƯA ĐẶT', N'KS07')
GO
INSERT [dbo].[THANHVIEN] ([TENDANGNHAP], [MATKHAU], [PHANQUYEN], [MAKS]) VALUES (N'DANGHEO', N'@@@@@', N'QUẢN LÝ', N'KS03')
GO
INSERT [dbo].[THANHVIEN] ([TENDANGNHAP], [MATKHAU], [PHANQUYEN], [MAKS]) VALUES (N'HUUNHAN', N'@@1232', N'QU?N LÝ', N'KS02')
GO
INSERT [dbo].[THANHVIEN] ([TENDANGNHAP], [MATKHAU], [PHANQUYEN], [MAKS]) VALUES (N'LONGTIEU', N'6789*', N'NHÂN VIÊN', N'KS01')
GO
INSERT [dbo].[THANHVIEN] ([TENDANGNHAP], [MATKHAU], [PHANQUYEN], [MAKS]) VALUES (N'MANHCUONG', N'1123@5', N'QUẢN LÝ', N'KS06')
GO
INSERT [dbo].[THANHVIEN] ([TENDANGNHAP], [MATKHAU], [PHANQUYEN], [MAKS]) VALUES (N'PHUCONY', N'456@*#', N'QU?N LÝ', N'KS08')
GO
INSERT [dbo].[THANHVIEN] ([TENDANGNHAP], [MATKHAU], [PHANQUYEN], [MAKS]) VALUES (N'QUANGDANG', N'123##', N'CHỦ KHÁCH SẠN', N'KS04')
GO
INSERT [dbo].[THANHVIEN] ([TENDANGNHAP], [MATKHAU], [PHANQUYEN], [MAKS]) VALUES (N'TULE', N'**8**8', N'NHÂN VIÊN', N'KS09')
GO
INSERT [dbo].[THANHVIEN] ([TENDANGNHAP], [MATKHAU], [PHANQUYEN], [MAKS]) VALUES (N'VANTAI', N'345@@', N'QUẢN LÝ', N'KS10')
GO
ALTER TABLE [dbo].[CTHOADON]  WITH CHECK ADD  CONSTRAINT [FK_CTHOADON_DICHVU] FOREIGN KEY([MADV])
REFERENCES [dbo].[DICHVU] ([MADV])
GO
ALTER TABLE [dbo].[CTHOADON] CHECK CONSTRAINT [FK_CTHOADON_DICHVU]
GO
ALTER TABLE [dbo].[CTHOADON]  WITH CHECK ADD  CONSTRAINT [FK_CTHOADON_HOADON] FOREIGN KEY([MAHD])
REFERENCES [dbo].[HOADON] ([MAHD])
GO
ALTER TABLE [dbo].[CTHOADON] CHECK CONSTRAINT [FK_CTHOADON_HOADON]
GO
ALTER TABLE [dbo].[DATPHONG]  WITH CHECK ADD  CONSTRAINT [FK_DATPHONG_KHACHHANG] FOREIGN KEY([MAKH])
REFERENCES [dbo].[KHACHHANG] ([MAKH])
GO
ALTER TABLE [dbo].[DATPHONG] CHECK CONSTRAINT [FK_DATPHONG_KHACHHANG]
GO
ALTER TABLE [dbo].[DATPHONG]  WITH CHECK ADD  CONSTRAINT [FK_DATPHONG_PHONG] FOREIGN KEY([MAPHONG])
REFERENCES [dbo].[PHONG] ([MAPHONG])
GO
ALTER TABLE [dbo].[DATPHONG] CHECK CONSTRAINT [FK_DATPHONG_PHONG]
GO
ALTER TABLE [dbo].[HOADON]  WITH CHECK ADD  CONSTRAINT [FK_HOADON_KHACHHANG] FOREIGN KEY([MAKH])
REFERENCES [dbo].[KHACHHANG] ([MAKH])
GO
ALTER TABLE [dbo].[HOADON] CHECK CONSTRAINT [FK_HOADON_KHACHHANG]
GO
ALTER TABLE [dbo].[KHACHSAN]  WITH CHECK ADD  CONSTRAINT [FK_KHACHSAN_KHUVUC] FOREIGN KEY([MAKV])
REFERENCES [dbo].[KHUVUC] ([MAKV])
GO
ALTER TABLE [dbo].[KHACHSAN] CHECK CONSTRAINT [FK_KHACHSAN_KHUVUC]
GO
ALTER TABLE [dbo].[NHANVIEN]  WITH CHECK ADD  CONSTRAINT [FK_NHANVIEN_KHACHSAN] FOREIGN KEY([MAKS])
REFERENCES [dbo].[KHACHSAN] ([MAKS])
GO
ALTER TABLE [dbo].[NHANVIEN] CHECK CONSTRAINT [FK_NHANVIEN_KHACHSAN]
GO
ALTER TABLE [dbo].[PHONG]  WITH CHECK ADD  CONSTRAINT [FK_PHONG_KHACHSAN] FOREIGN KEY([MAKS])
REFERENCES [dbo].[KHACHSAN] ([MAKS])
GO
ALTER TABLE [dbo].[PHONG] CHECK CONSTRAINT [FK_PHONG_KHACHSAN]
GO
ALTER TABLE [dbo].[THANHVIEN]  WITH CHECK ADD  CONSTRAINT [FK_USER_KHACHSAN] FOREIGN KEY([MAKS])
REFERENCES [dbo].[KHACHSAN] ([MAKS])
GO
ALTER TABLE [dbo].[THANHVIEN] CHECK CONSTRAINT [FK_USER_KHACHSAN]
GO
